state,Regime,Avg Funding Spread,Avg VIX
0,Stress,-0.04442379182156136,25.19019826517968
1,Calm,0.02818505338078286,15.981556939501779
