,To State 0,To State 1
From State 0,0.9824257028634863,0.017574297136513727
From State 1,0.012533156112437403,0.9874668438875626
